ANO,INPC,
2019,1.266521519,
2020,1.303250643,
2021,1.348864416,
2022,1.39607467,
2023,1.444937284,
2024,1.495510088,
2025,1.547852942,
,,
,,
,,
,,
,,
,,
